epoch,step,val_acc,val_loss
0,1718,0.8920000195503235,0.3819548189640045
