epoch,step,test_acc,test_loss
0,760,0.863099992275238,0.5700324773788452
