epoch,step,val_acc,val_loss
0,1718,0.9470000267028809,0.1879044473171234
1,3437,0.9520000219345093,0.17445573210716248
