epoch,step,test_acc,test_loss
5,890,0.06278026849031448,1.638741135597229
